Albanian (Standardized),English,Type,Confidence,Usefulness,Date Learned
Me diell,Sunny,Adjective,Mastered,10,3/4/2026
Me re,Cloudy,Adjective,Needs Improvement,10,3/4/2026
Me shi,Rainy,Adjective,Mastered,10,3/4/2026
Me borë,Snowy,Adjective,Almost There,10,3/4/2026
Me erë,Windy,Adjective,Almost There,10,3/4/2026
Me stuhi,Stormy,Adjective,New,10,3/4/2026
Me mjegull,Foggy,Adjective,Almost There,10,3/4/2026
Me shkretima,Lightning-y,Adjective,New,9,3/4/2026
Këto/këta,These,Adjective,New,9,2/19/2026
i/e shtrenjtë,expensive,Adjective,New,9,2/17/2026
E plotë,Full,Adjective,New,8,3/6/2026
I parë,First,Adjective,New,8,3/6/2026
E dyta,Second,Adjective,New,8,3/6/2026
E/i mërzitur,Bored / Unsatisfied / sad,Adjective,New,8,2/17/2026
i/e zgjuar,Smart,Adjective,New,8,2/17/2026
gazmor/e,funny,Adjective,New,8,2/17/2026
i/e qetë,quiet,Adjective,New,8,2/17/2026
i/e zëmëruar,angry,Adjective,New,8,2/17/2026
i/e kripur,salty,Adjective,New,8,2/17/2026
Sigurt,"Sure, confident",Adjective,New,7,2/19/2026
Mbarë,Prosperous,Adjective,New,7,2/19/2026
I/e ndryshëm,Different,Adjective,New,7,2/19/2026
I zënë,Busy,Adjective,New,7,2/17/2026
i/e pastër,clean,Adjective,New,7,2/17/2026
i/e vjetër,old,Adjective,New,7,2/17/2026
i/e ngadaltë,slow (of a noun),Adjective,New,7,2/17/2026
i/e ulët,low,Adjective,New,7,2/17/2026
i/e lagur,wet,Adjective,New,7,2/17/2026
i/e tharë,dry,Adjective,New,7,2/17/2026
i/e rëndë,heavy,Adjective,New,7,2/17/2026
i/e errët,dark,Adjective,New,7,2/17/2026
i/e ndriçuar,light,Adjective,New,7,2/17/2026
i zhhurmshëm/e,loud,Adjective,New,7,2/17/2026
krenar/e,proud,Adjective,New,7,2/17/2026
i/e turpëruar,shame / embarrassed,Adjective,New,7,2/17/2026
Kryesor,Main,Adjective,New,6,2/17/2026
e ngjashme,Similar,Adjective,New,6,2/17/2026
i/e shëndoshë,fat,Adjective,New,6,2/17/2026
i/e hollë,thin,Adjective,New,6,2/17/2026
i/e shëmtuar,ugly,Adjective,New,5,2/17/2026
Gri,Grey,Adjective,New,3,2/17/2026
i/e trishtuar,Sad,Adjective,Needs Improvement,8,2/17/2026
dembel/e,lazy,Adjective,Needs Improvement,8,2/17/2026
Çdo,Every,Adjective,Needs Improvement,7,2/23/2026
i/e shkurtër,short,Adjective,Needs Improvement,7,2/17/2026
i/e lartë,high,Adjective,Needs Improvement,7,2/17/2026
serioz/e,serious,Adjective,Needs Improvement,7,2/17/2026
i/e bardhë,White,Adjective,Needs Improvement,5,2/17/2026
i/e vogël,Small,Adjective,Needs Improvement,5,2/17/2026
i madh / e madhe,Large / Big,Adjective,Needs Improvement,5,2/17/2026
i/e saj,Her,Adjective,Needs Improvement,5,2/17/2026
i/e tyre,Their,Adjective,Needs Improvement,5,2/17/2026
Tjetër,Next / Other,Adjective,Needs Improvement,5,2/17/2026
i/e preferuara,Favorite,Adjective,Needs Improvement,5,2/17/2026
I zi / E zezë,Black,Adjective,Needs Improvement,5,2/17/2026
Lejla / Vjollcë,Purple,Adjective,Needs Improvement,5,2/17/2026
Rozë,Pink,Adjective,Needs Improvement,5,2/17/2026
i/e vështirë,Difficult,Adjective,Needs Improvement,5,2/17/2026
i/e lehtë,Easy or light,Adjective,Needs Improvement,5,2/17/2026
I tij / E tij,His,Adjective,Needs Improvement,5,2/17/2026
i/e kaluar,Last / Past,Adjective,Needs Improvement,5,2/17/2026
I verdhë / E verdhë,Yellow,Adjective,Needs Improvement,5,2/17/2026
Ynë / Jonë,Our,Adjective,Needs Improvement,5,2/17/2026
Rehat,Calm / Chill,Adjective,Needs Improvement,5,2/17/2026
i/e këndshëm,Nice / Pleasant,Adjective,Needs Improvement,5,2/17/2026
i/e zier,Boiled,Adjective,Needs Improvement,5,2/17/2026
i/e shpejtë,quick (of a noun),Adjective,Mastered,8,2/17/2026
i/e pistë,dirty,Adjective,Mastered,7,2/17/2026
i ri / e re,new,Adjective,Mastered,7,2/17/2026
i/e gjatë,tall or long,Adjective,Mastered,7,2/17/2026
i fortë/e forte,Strong,Adjective,Mastered,7,2/17/2026
i/e trashë,thick / dumb,Adjective,Mastered,6,2/17/2026
Im / Ime,My,Adjective,Mastered,5,2/17/2026
Keq,Bad,Adjective,Mastered,5,2/17/2026
Mirë,Good,Adjective,Mastered,5,2/17/2026
Shqip,Albanian (language),Adjective,Mastered,5,2/17/2026
I saktë,Correct,Adjective,Mastered,5,2/17/2026
Njësoj,Same,Adjective,Mastered,5,2/17/2026
Blu,Blue,Adjective,Mastered,5,2/17/2026
Jeshil,Green,Adjective,Mastered,5,2/17/2026
Pritës,Host,Adjective,Mastered,5,2/17/2026
i/e lirë,cheap or free,Adjective,Almost There,10,2/17/2026
Kurioz,Curious,Adjective,Almost There,8,2/17/2026
i/e rëndësishme,important,Adjective,Almost There,8,2/17/2026
punëtor/e,hard working,Adjective,Almost There,8,2/17/2026
Ai / Ajo,That (M/F),Adjective,Almost There,8,2/17/2026
I shijshëm/e shijshme,Delicious,Adjective,Almost There,8,2/17/2026
Pikante,Spicy,Adjective,Almost There,8,2/17/2026
I/e çmendur,Crazy,Adjective,Almost There,7,2/17/2026
i/e dobët,Weak or skinny,Adjective,Almost There,7,2/17/2026
Me fat,Lucky,Adjective,Almost There,7,2/17/2026
I fundit,Last,Adjective,Almost There,6,2/17/2026
Kafe,Brown,Adjective,Almost There,6,2/17/2026
I kuq / E kuqe,Red,Adjective,Almost There,5,2/17/2026
I bukur,Beautiful,Adjective,Almost There,5,2/17/2026
Ngjyra / Me ngjyra,Colors / Colorful (adj),Adjective,New,6,3/13/2026
Të dyja,Both,Adjective,New,8,3/13/2026
Sjellshëm,Polite,Adjective,New,8,3/13/2026
I / E shqetësuar,Worried,Adjective,New,7,3/13/2026
mbrëmë,last night,Adverb,New,9,3/3/2026
Tepër,A lot / Too much,Adverb,New,8,3/4/2026
Më tepër,The most,Adverb,New,8,3/4/2026
më parë,earlier,Adverb,New,8,3/3/2026
Seriozisht,Seriously,Adverb,New,7,3/4/2026
Tashmë,Already,Adverb,New,7,2/20/2026
Sapo,As soon as,Adverb,New,7,2/17/2026
Ndërsa,Meanwhile / Whereas,Adverb,New,6,2/17/2026
Kurdo,Whenever,Adverb,New,5,2/17/2026
Djathtas,Right,Adverb,Needs Improvement,9,2/17/2026
Akoma,"Yet, still",Adverb,Needs Improvement,7,2/20/2026
Sigurisht,Certainly / Sure,Adverb,Needs Improvement,5,2/17/2026
Shpesh,Often,Adverb,Needs Improvement,5,2/17/2026
Gjithashtu,Likewise,Adverb,Needs Improvement,5,2/17/2026
Ndonjëherë,Sometimes,Adverb,Needs Improvement,5,2/17/2026
Zakonisht,Usually,Adverb,Needs Improvement,5,2/17/2026
Ndoshta,Maybe and probably,Adverb,Needs Improvement,5,2/17/2026
Fare,At all,Adverb,Needs Improvement,5,2/17/2026
Avash,Slowly / Softly,Adverb,Mastered,10,2/17/2026
Vetëm,Just / Only,Adverb,Mastered,8,2/17/2026
Pastaj,After / Then,Adverb,Mastered,7,2/17/2026
Përsëri,Again,Adverb,Mastered,7,2/17/2026
Patjetër,Definitely / Of course / at all costs (when used at the end of a sentence),Adverb,Mastered,5,2/17/2026
Po,Yes,Adverb,Mastered,5,2/17/2026
Jo,No,Adverb,Mastered,5,2/17/2026
Sot,Today,Adverb,Mastered,5,2/17/2026
Nesër,Tomorrow,Adverb,Mastered,5,2/17/2026
Fiks,Exactly,Adverb,Mastered,5,2/17/2026
Shpejt,Quickly,Adverb,Mastered,5,2/17/2026
bashkë,together,Adverb,Almost There,8,2/18/2026
Ngadalë,Slowly,Adverb,Almost There,8,2/17/2026
Më,More,Adverb,Almost There,8,2/17/2026
Kurrë,Never,Adverb,Almost There,8,2/17/2026
Larg,Far,Adverb,Almost There,8,2/17/2026
Dje,Yesterday,Adverb,Almost There,8,2/17/2026
Pardje,Two days ago,Adverb,Almost There,8,2/17/2026
Sonte,Tonight,Adverb,Almost There,8,2/17/2026
Më parë,Before,Adverb,Almost There,8,2/17/2026
Më vonë,Later,Adverb,Almost There,8,2/17/2026
Brenda,Inside,Adverb,Almost There,8,2/17/2026
Herët,Early,Adverb,Almost There,8,2/17/2026
Jashtë,Outside,Adverb,Almost There,7,2/17/2026
Pra,So,Adverb,Almost There,7,2/17/2026
Lart,Up / Upstairs,Adverb,Almost There,7,2/17/2026
Poshtë,Down / Downstairs,Adverb,Almost There,7,2/17/2026
Drejt,Straight / Towards,Adverb,Almost There,5,2/17/2026
Rreth ose përreth,About / Around,Adverb,Almost There,5,2/17/2026
Majtas,Left,Adverb,Almost There,5,2/17/2026
Përditshme,Daily,Adverb,New,7,3/13/2026
Atëherë / Pra,Then / So,Adverb,New,9,3/13/2026
Vendosim në tepsi,Put in the pan,Command,New,9,2/17/2026
Nxirrni librin,Take out the book,Command,New,9,2/17/2026
Fusni librin në çantë,Put the book in the bag,Command,New,9,2/17/2026
Më flit pak për veten,Speak a little about yourself,Command,Needs Improvement,10,2/17/2026
Kujdes,Be careful,Command,Needs Improvement,10,2/17/2026
Trego,tell me,Command,Needs Improvement,10,2/17/2026
Merrni çantën,Take the bag,Command,Needs Improvement,9,2/17/2026
Më jepni stilolapsin,Give me the pen,Command,Needs Improvement,9,2/17/2026
Hyr brenda,Come on in,Command,Needs Improvement,9,2/17/2026
Ngrihuni në këmbë,Stand up,Command,Needs Improvement,9,2/17/2026
Ecni pak,Walk a little,Command,Needs Improvement,5,2/17/2026
Vazhdoni drejt,Continue straight,Command,Needs Improvement,5,2/17/2026
Mbyllni dritat,Turn off the lights,Command,Needs Improvement,5,2/17/2026
Hapni dritat,Turn on the lights,Command,Needs Improvement,5,2/17/2026
Uluni në karrige,Sit in the chair,Command,Needs Improvement,5,2/17/2026
Eja shpejt!,Come quickly!,Command,Mastered,10,2/17/2026
Hajde,Come,Command,Mastered,10,2/17/2026
Ndalo këtu,Stop here,Command,Mastered,10,2/17/2026
Prit,Wait!,Command,Mastered,9,2/17/2026
Urdhëro,Here you go / Command,Command,Mastered,9,2/17/2026
Ndalo,Stop,Command,Mastered,5,2/17/2026
Më thuaj diçka për veten tënde,Tell me something about yourself,Command,Almost There,10,2/17/2026
Pusho,Stop / Rest,Command,Almost There,10,2/17/2026
mjaft,enough (I've had enough),Command,Almost There,10,2/17/2026
Mbyllni librat,Close the books,Command,Almost There,9,2/17/2026
Qendra rinore,Youth center,Noun (F),New,9,3/6/2026
Pranverë,Spring,Noun (F),New,9,3/4/2026
Verë,Summer,Noun (F),New,9,3/4/2026
Vjeshtë,Fall,Noun (F),New,9,3/4/2026
I/e dashur,Boyfriend/girlfriend,Noun (F),New,9,2/19/2026
Drejtësi,Justice,Noun (F),New,9,2/17/2026
Stinët,Seasons,Noun (F),New,8,3/4/2026
Nanëdajë,Mother's mother,Noun (F),New,8,2/17/2026
Tepsi,Baking Pan,Noun (F),New,8,2/17/2026
E ardhmja,The future,Noun (F),New,7,3/6/2026
Teze,Aunt (Mother's sister),Noun (F),New,7,2/17/2026
Mbesë,Niece / Granddaughter,Noun (F),New,7,2/17/2026
Xhaketë,Jacket,Noun (F),New,7,2/17/2026
Dita e Pavarësisë,Independence Day,Noun (F),New,7,2/17/2026
Berberhane,Barbershop,Noun (F),New,7,2/17/2026
Recetë,Recipe,Noun (F),New,7,2/17/2026
Vetën,Oneself,Noun (F),New,6,2/19/2026
Dita e Çlirimit,Liberation Day,Noun (F),New,6,2/17/2026
Dita e Nënë Terezës,Mother Teresa Day,Noun (F),New,6,2/17/2026
Anije,ship,Noun (F),New,5,3/3/2026
Dita e Verës,Summer Day,Noun (F),New,5,2/17/2026
Fytyra,The face,Noun (F),New,5,2/17/2026
Perde,Curtains,Noun (F),New,5,2/17/2026
Kërkesë,Request,Noun (F),New,5,2/17/2026
Qafa,The neck,Noun (F),New,5,2/17/2026
Dita e Mësuesit,Teachers Day,Noun (F),New,5,2/17/2026
Dita e Punëtorëve,Labor Day,Noun (F),New,5,2/17/2026
Pashkë,Easter,Noun (F),New,5,2/17/2026
Buzët,The lips,Noun (F),New,5,2/17/2026
Vetullat,The eyebrows,Noun (F),New,5,2/17/2026
Dhomë ndenje,Living room,Noun (F),New,5,2/17/2026
Drita e diellit,Sunlight,Noun (F),New,5,2/17/2026
rërë,sand,Noun (F),New,4,3/3/2026
Pelte,Jelly,Noun (F),New,4,2/17/2026
letërsi,literature,Noun (F),New,4,2/17/2026
Goja,The mouth,Noun (F),New,3,2/17/2026
Shpatulla,The shoulder,Noun (F),New,3,2/17/2026
Dysheme,Floor,Noun (F),New,3,2/17/2026
Pupël,Feather,Noun (F),New,3,2/17/2026
kafshë shtëpiake,pets,Noun (F),Needs Improvement,8,2/18/2026
Zyrë,Office,Noun (F),Needs Improvement,8,2/17/2026
Hallë,Aunt (Father's sister),Noun (F),Needs Improvement,7,2/17/2026
Lindje,East / Birth,Noun (F),Needs Improvement,7,2/17/2026
Dritare,Window,Noun (F),Needs Improvement,5,2/17/2026
Derë,Door,Noun (F),Needs Improvement,5,2/17/2026
Lule,Flower,Noun (F),Needs Improvement,5,2/17/2026
Fjali,Sentence,Noun (F),Needs Improvement,5,2/17/2026
Pemë,Tree,Noun (F),Needs Improvement,5,2/17/2026
Hënë,Moon,Noun (F),Needs Improvement,5,2/17/2026
Dhomë gjumi,Bedroom,Noun (F),Needs Improvement,5,2/17/2026
Fjalë,Word,Noun (F),Needs Improvement,5,2/17/2026
Gjellë,Stew,Noun (F),Needs Improvement,5,2/17/2026
Gjyshe,Grandma,Noun (F),Needs Improvement,5,2/17/2026
Folje,Verb,Noun (F),Needs Improvement,5,2/17/2026
Llullë,Pipe,Noun (F),Needs Improvement,5,2/17/2026
Shtëpiak(e),Homemaker,Noun (F),Needs Improvement,5,2/17/2026
Llampë / Abazhur,Lamp,Noun (F),Needs Improvement,5,2/17/2026
Arrë,Walnut,Noun (F),Needs Improvement,5,2/17/2026
Ndajfolje,Adverb,Noun (F),Needs Improvement,5,2/17/2026
Zonjushë,Ms. (Unmarried),Noun (F),Needs Improvement,5,2/17/2026
Mbulesë tavoline,Tablecloth,Noun (F),Needs Improvement,5,2/17/2026
Lugë,Spoon,Noun (F),Needs Improvement,3,2/17/2026
Nevojë,Need,Noun (F),Mastered,10,2/23/2026
pule,chickens,Noun (F),Mastered,10,2/18/2026
dhi,goats,Noun (F),Mastered,10,2/18/2026
Mami,Mom,Noun (F),Mastered,10,2/18/2026
Gotë,Glass,Noun (F),Mastered,9,2/17/2026
frikë,fear,Noun (F),Mastered,9,2/17/2026
Karrige,Chair,Noun (F),Mastered,8,2/17/2026
Makinë,Car,Noun (F),Mastered,8,2/17/2026
Detyrë shtëpie,Homework,Noun (F),Mastered,7,2/17/2026
Vezë,Egg,Noun (F),Mastered,7,2/17/2026
Mollë,Apple,Noun (F),Mastered,6,2/17/2026
Banane,Banana,Noun (F),Mastered,6,2/17/2026
Patate,Potato,Noun (F),Mastered,6,2/17/2026
Mace,Cat,Noun (F),Mastered,6,2/17/2026
Dardhë,Pear,Noun (F),Mastered,6,2/17/2026
Kuzhinë,Kitchen,Noun (F),Mastered,5,2/17/2026
Bukë,Bread / Meal,Noun (F),Mastered,5,2/17/2026
Kafe,Coffee,Noun (F),Mastered,5,2/17/2026
Domate,Tomato,Noun (F),Mastered,5,2/17/2026
Fasule,Bean soup,Noun (F),Mastered,5,2/17/2026
Tavolinë,Table,Noun (F),Mastered,5,2/17/2026
Motër,Sister,Noun (F),Mastered,5,2/17/2026
Bashki,Municipality,Noun (F),Mastered,5,2/17/2026
Çantë,Bag,Noun (F),Mastered,5,2/17/2026
Thikë,Knife,Noun (F),Mastered,5,2/17/2026
Drekë,Lunch,Noun (F),Mastered,5,2/17/2026
Sallatë,Salad,Noun (F),Mastered,5,2/17/2026
Këngë,Song,Noun (F),Mastered,5,2/17/2026
Shkollë,School,Noun (F),Mastered,5,2/17/2026
Dhomë,Room,Noun (F),Mastered,5,2/17/2026
Grua,Woman / Wife,Noun (F),Mastered,5,2/17/2026
Fletore,Notebook,Noun (F),Mastered,5,2/17/2026
Darkë,Dinner,Noun (F),Mastered,5,2/17/2026
Faqe,Page,Noun (F),Mastered,5,2/17/2026
Fli,Flia (dish),Noun (F),Mastered,5,2/17/2026
Biskotë,Biscuit,Noun (F),Mastered,5,2/17/2026
Çokollatë,Chocolate,Noun (F),Mastered,5,2/17/2026
Banjo,Bathroom,Noun (F),Almost There,10,2/17/2026
Llogaritare,Accountant,Noun (F),Almost There,9,2/17/2026
Familje,Family,Noun (F),Almost There,9,2/17/2026
Hundët,The nose,Noun (F),Almost There,9,2/17/2026
Koka,The head,Noun (F),Almost There,9,2/17/2026
Duart,The hands,Noun (F),Almost There,9,2/17/2026
Faqet,The cheeks,Noun (F),Almost There,9,2/17/2026
Këmbët,The legs or the foot,Noun (F),Almost There,9,2/17/2026
Hunda,The nose,Noun (F),Almost There,9,2/17/2026
Fushë/a,Field,Noun (F),Almost There,8,2/19/2026
Mbledhje,Meeting,Noun (F),Almost There,8,2/17/2026
Mjekër,Chin / Beard,Noun (F),Almost There,8,2/17/2026
Intervistë,Interview,Noun (F),Almost There,8,2/17/2026
mami,midwife,Noun (F),Almost There,8,2/17/2026
Zonjë,Mrs. / Lady,Noun (F),Almost There,8,2/17/2026
Kripë,Salt,Noun (F),Almost There,8,2/17/2026
Mbrëma,Evening,Noun (F),Almost There,7,2/17/2026
Birrë,Beer,Noun (F),Almost There,7,2/17/2026
E hënë,Monday,Noun (F),Almost There,7,2/17/2026
E martë,Tuesday,Noun (F),Almost There,7,2/17/2026
E mërkurë,Wednesday,Noun (F),Almost There,7,2/17/2026
E shtunë,Saturday,Noun (F),Almost There,7,2/17/2026
E diel,Sunday,Noun (F),Almost There,7,2/17/2026
E enjte,Thursday,Noun (F),Almost There,7,2/17/2026
Letër,Letter,Noun (F),Almost There,7,2/17/2026
Fotografi,Photograph,Noun (F),Almost There,7,2/17/2026
Gradë,Degrees,Noun (F),Almost There,6,2/17/2026
Vazë e zier,Hard boiled egg,Noun (F),Almost There,6,2/17/2026
Temë,Topic,Noun (F),Almost There,5,2/17/2026
Dhomë gjumi,Bedroom,Noun (F),Almost There,5,2/17/2026
Dita e Alfabetit,Day of the Alphabet,Noun (F),Almost There,5,2/17/2026
Koha,Weather / Time,Noun (F),Almost There,5,2/17/2026
Qepë,Onion,Noun (F),Almost There,5,2/17/2026
E premte,Friday,Noun (F),Almost There,5,2/17/2026
Vajzë,Girl / Daughter,Noun (F),Almost There,5,2/17/2026
Nuse,Bride,Noun (F),Almost There,5,2/17/2026
Tërshërë,Oats,Noun (F),Almost There,5,2/17/2026
Ski,Ski,Noun (F),Almost There,5,2/17/2026
Verë,Summer,Noun (F),Almost There,4,2/17/2026
xhinse,jeans,Noun (F),New,7,3/13/2026
triko,t-shirt,Noun (F),New,7,3/13/2026
bluzë,blouse,Noun (F),New,7,3/13/2026
këmishë,shirt,Noun (F),New,8,3/13/2026
xhaketë,jacket,Noun (F),New,8,3/13/2026
hartë,map,Noun (F),New,6,3/13/2026
lagje,neighborhood,Noun (F),New,8,3/13/2026
Varëse,Necklace,Noun (F),New,4,3/13/2026
Këmishë,Button down shirt,Noun (F),New,6,3/13/2026
Bluzë me mëngë të shkurta,T-shirt / Short sleeve,Noun (F),New,6,3/13/2026
Bluzë me mëngë të gjata,Long sleeve shirt,Noun (F),New,6,3/13/2026
Këpucë,Shoes,Noun (F),New,8,3/13/2026
Bujqësi,Agriculture,Noun (F),New,4,3/13/2026
Dimër,Winter,Noun (M),New,9,3/4/2026
Kurrizi,The back / spine,Noun (M),New,9,2/17/2026
Veshi,The ear,Noun (M),New,9,2/17/2026
Gjoksi,The chest,Noun (M),New,9,2/17/2026
Qëllim,Purpose / Goal,Noun (M),New,8,3/6/2026
Janar,January,Noun (M),New,8,3/4/2026
Shkurt,February,Noun (M),New,8,3/4/2026
Mars,March,Noun (M),New,8,3/4/2026
Prill,April,Noun (M),New,8,3/4/2026
Maj,May,Noun (M),New,8,3/4/2026
Qershor,June,Noun (M),New,8,3/4/2026
Korrik,July,Noun (M),New,8,3/4/2026
Gusht,August,Noun (M),New,8,3/4/2026
Shtator,September,Noun (M),New,8,3/4/2026
Tetor,October,Noun (M),New,8,3/4/2026
Nëntor,November,Noun (M),New,8,3/4/2026
Dhjetor,December,Noun (M),New,8,3/4/2026
Zjarrin,The fire,Noun (M),New,8,3/4/2026
vend,Place,Noun (M),New,8,3/3/2026
vendi,country,Noun (M),New,8,3/3/2026
Gabim,Mistake,Noun (M),New,8,2/19/2026
Babëdajë,Mother's father,Noun (M),New,8,2/17/2026
Anëtar familje,Family member,Noun (M),New,8,2/17/2026
Frymëzim,Inspiration,Noun (M),New,7,3/6/2026
kuaj,horses,Noun (M),New,7,2/18/2026
Dajë,Uncle (Mother's brother),Noun (M),New,7,2/17/2026
Veri,North,Noun (M),New,7,2/17/2026
Jug,South,Noun (M),New,7,2/17/2026
Kuptim,Understanding,Noun (M),New,6,2/17/2026
Novruz,Novruz (Holiday),Noun (M),New,6,2/17/2026
Tas,Bowl,Noun (M),New,6,2/17/2026
Babagysh,Santa / Grandfather,Noun (M),New,6,2/17/2026
Nip,Nephew / Grandson,Noun (M),New,5,2/17/2026
Bajram,Bajram (Holiday),Noun (M),New,5,2/17/2026
Vathë,Earring,Noun (M),New,5,2/17/2026
budalla,Fool,Noun (M),New,4,3/3/2026
Qerpik,Eyelash,Noun (M),New,3,2/17/2026
Tavan,Ceiling,Noun (M),New,3,2/17/2026
Gjuri,The knee,Noun (M),New,3,2/17/2026
Derr,Pig,Noun (M),New,3,2/17/2026
Gjel deti,Turkey,Noun (M),New,3,2/17/2026
Çelës,Key,Noun (M),Needs Improvement,9,2/20/2026
asgjë,nothing,Noun (M),Needs Improvement,9,2/18/2026
Gishtat,The fingers and the toes,Noun (M),Needs Improvement,9,2/17/2026
Fyti,The throat,Noun (M),Needs Improvement,9,2/17/2026
Krahu,The arms,Noun (M),Needs Improvement,9,2/17/2026
Viti i Ri,New Year,Noun (M),Needs Improvement,5,2/17/2026
Gjysh,Grandpa,Noun (M),Needs Improvement,5,2/17/2026
Vit,Year,Noun (M),Needs Improvement,5,2/17/2026
Zjarr,Fire,Noun (M),Needs Improvement,5,2/17/2026
Numër,Number,Noun (M),Needs Improvement,5,2/17/2026
Mbiemër,Surname,Noun (M),Needs Improvement,5,2/17/2026
Sytë,The eyes,Noun (M),Needs Improvement,5,2/17/2026
Krah,Arm,Noun (M),Needs Improvement,5,2/17/2026
Infermier,Nurse,Noun (M),Needs Improvement,5,2/17/2026
Kamarier,Server,Noun (M),Needs Improvement,5,2/17/2026
Muaj,Month,Noun (M),Needs Improvement,5,2/17/2026
Tapet,Carpet,Noun (M),Needs Improvement,5,2/17/2026
Mësim,Lesson,Noun (M),Needs Improvement,5,2/17/2026
Nxënës / Student,Student,Noun (M),Needs Improvement,5,2/17/2026
Mjek / Doktor,Doctor,Noun (M),Needs Improvement,5,2/17/2026
Kuzhinier,Chef,Noun (M),Needs Improvement,5,2/17/2026
Shkrimtar,Writer,Noun (M),Needs Improvement,5,2/17/2026
Përkthyes,Translator,Noun (M),Needs Improvement,5,2/17/2026
Miell,Flour,Noun (M),Needs Improvement,5,2/17/2026
Korpus i Paqes,Peace Corps,Noun (M),Needs Improvement,5,2/17/2026
Barku,The belly,Noun (M),Needs Improvement,5,2/17/2026
Shtet,State,Noun (M),Needs Improvement,5,2/17/2026
Dollap,Closet / Cupboard,Noun (M),Needs Improvement,4,2/17/2026
Diell,Sun,Noun (M),Needs Improvement,3,2/17/2026
Dhëmbët,The teeth,Noun (M),Needs Improvement,3,2/17/2026
Babi,Dad,Noun (M),Mastered,10,2/17/2026
Pirun,Fork,Noun (M),Mastered,9,2/17/2026
Dimër,Winter,Noun (M),Mastered,9,2/17/2026
Libër,Book,Noun (M),Mastered,8,2/17/2026
Shëndet,Bless you / Health,Noun (M),Mastered,8,2/17/2026
Vullnetar,Volunteer,Noun (M),Mastered,8,2/17/2026
Shok,Friend (M),Noun (M),Mastered,8,2/17/2026
Qejf,Fun,Noun (M),Mastered,8,2/17/2026
Pushim,Break / Rest,Noun (M),Mastered,8,2/17/2026
Çaj,Tea,Noun (M),Mastered,7,2/17/2026
Kos,Yogurt,Noun (M),Mastered,7,2/17/2026
Mësues,Teacher,Noun (M),Mastered,7,2/17/2026
Ushtrim,Exercise,Noun (M),Mastered,7,2/17/2026
Ulli,Olive,Noun (M),Mastered,7,2/17/2026
Portokall,Orange,Noun (M),Mastered,6,2/17/2026
Qytet,City,Noun (M),Mastered,6,2/17/2026
Dyqan,Store / Shop,Noun (M),Mastered,5,2/17/2026
Ujë,Water,Noun (M),Mastered,5,2/17/2026
Qumësht,Milk,Noun (M),Mastered,5,2/17/2026
Mish,Meat,Noun (M),Mastered,5,2/17/2026
Byrek,Pie,Noun (M),Mastered,5,2/17/2026
Vëlla,Brother,Noun (M),Mastered,5,2/17/2026
Një,1,Noun (M),Mastered,5,2/17/2026
Dy,2,Noun (M),Mastered,5,2/17/2026
Tre,3,Noun (M),Mastered,5,2/17/2026
Katër,4,Noun (M),Mastered,5,2/17/2026
Pesë,5,Noun (M),Mastered,5,2/17/2026
Gjashtë,6,Noun (M),Mastered,5,2/17/2026
Shtatë,7,Noun (M),Mastered,5,2/17/2026
Tetë,8,Noun (M),Mastered,5,2/17/2026
Nëntë,9,Noun (M),Mastered,5,2/17/2026
Dhjetë,10,Noun (M),Mastered,5,2/17/2026
Dymbëdhjetë,12,Noun (M),Mastered,5,2/17/2026
Katërmbëdhjetë,14,Noun (M),Mastered,5,2/17/2026
Pesëmbëdhjetë,15,Noun (M),Mastered,5,2/17/2026
Njëzet,20,Noun (M),Mastered,5,2/17/2026
Tridhjetë,30,Noun (M),Mastered,5,2/17/2026
Djalë,Boy / Son,Noun (M),Mastered,5,2/17/2026
Qen,Dog,Noun (M),Mastered,5,2/17/2026
Pilaf,Rice,Noun (M),Mastered,5,2/17/2026
Burrë,Man / Husband,Noun (M),Mastered,5,2/17/2026
Dush,Shower,Noun (M),Mastered,5,2/17/2026
Telefon,Phone,Noun (M),Mastered,5,2/17/2026
Shembull,Example,Noun (M),Mastered,5,2/17/2026
Limon,Lemon,Noun (M),Mastered,5,2/17/2026
Mëngjes,Morning / Breakfast,Noun (M),Mastered,5,2/17/2026
Aeroplan,Airplane,Noun (M),Mastered,5,2/17/2026
Njëmbëdhjetë,11,Noun (M),Mastered,5,2/17/2026
Gjashtëmbëdhjetë,16,Noun (M),Mastered,5,2/17/2026
Tetëmbëdhjetë,18,Noun (M),Mastered,5,2/17/2026
Njëzet e një,21,Noun (M),Mastered,5,2/17/2026
Dyzet,40,Noun (M),Mastered,5,2/17/2026
Njëqind,100,Noun (M),Mastered,5,2/17/2026
Dy qind,200,Noun (M),Mastered,5,2/17/2026
Zero,0,Noun (M),Mastered,5,2/17/2026
Djathë,Cheese,Noun (M),Mastered,5,2/17/2026
Peshk,Fish,Noun (M),Mastered,5,2/17/2026
Divan,Couch,Noun (M),Mastered,5,2/17/2026
Jastëk,Pillow,Noun (M),Mastered,5,2/17/2026
Shtatëmbëdhjetë,17,Noun (M),Mastered,5,2/17/2026
Një mijë,"1,000",Noun (M),Mastered,5,2/17/2026
Një qind mijë,"100,000",Noun (M),Mastered,5,2/17/2026
Kastravec,Cucumber,Noun (M),Mastered,5,2/17/2026
Lokal,Bar/coffee bar,Noun (M),Mastered,5,2/17/2026
Vrap,Run (Noun),Noun (M),Mastered,5,2/17/2026
Nëntëmbëdhjetë,19,Noun (M),Mastered,5,2/17/2026
Dhjetë mijë,"10,000",Noun (M),Mastered,5,2/17/2026
Një milion,"1,000,000",Noun (M),Mastered,5,2/17/2026
Dy mijë e njëzet e gjashtë,2026,Noun (M),Mastered,5,2/17/2026
Trembëdhjetë,13,Noun (M),Mastered,5,2/17/2026
Spec,Pepper,Noun (M),Mastered,5,2/17/2026
Deti,Sea,Noun (M),Mastered,3,2/17/2026
Flokët,The hair,Noun (M),Mastered,3,2/17/2026
prindërit,the parents,Noun (M),Almost There,9,2/17/2026
Emër,Name,Noun (M),Almost There,9,2/17/2026
Udhëtar/i,Traveler,Noun (M),Almost There,8,2/19/2026
Mik,Friend / Guest,Noun (M),Almost There,8,2/17/2026
Stilolaps,Pen,Noun (M),Almost There,8,2/17/2026
Shofer,Driver,Noun (M),Almost There,8,2/17/2026
Zotëri,Mr. / Sir,Noun (M),Almost There,8,2/17/2026
Sy,The eye,Noun (M),Almost There,7,2/17/2026
Perëndim,West / Sunset,Noun (M),Almost There,7,2/17/2026
Njeri,Human,Noun (M),Almost There,7,2/17/2026
Fermer,Farmer,Noun (M),Almost There,7,2/17/2026
Rregull,Order,Noun (M),Almost There,6,2/23/2026
Universitet,University,Noun (M),Almost There,6,2/17/2026
Lloj,Kind / Type,Noun (M),Almost There,6,2/17/2026
Mjaltë,Honey,Noun (M),Almost There,6,2/17/2026
Fat,Luck,Noun (M),Almost There,6,2/17/2026
Arkitekt,Architect,Noun (M),Almost There,6,2/17/2026
Elektricist,Electrician,Noun (M),Almost There,6,2/17/2026
Mekanik,Mechanic,Noun (M),Almost There,6,2/17/2026
Xhaxha,Uncle (Father's side),Noun (M),Almost There,5,2/17/2026
Zog,Bird,Noun (M),Almost There,5,2/17/2026
Ekonomist,Economist,Noun (M),Almost There,5,2/17/2026
Frigorifer,Fridge,Noun (M),Almost There,4,2/17/2026
Bufi,Owl,Noun (M),Almost There,3,2/17/2026
Tingull,Sound,Noun (M),Almost There,3,2/17/2026
Llogaritar,Accountant,Noun (M),Almost There,3,2/17/2026
qiell,sky,Noun (M),New,4,3/13/2026
cep,corner,Noun (M),New,9,3/13/2026
Byzylyk,Bracelet,Noun (M),New,4,3/13/2026
Kapuç,Hood,Noun (M),New,5,3/13/2026
Agronom,Agriculturist,Noun (M),New,4,3/13/2026
Konvikt / Rezidencë studenti,Dorm,Noun (M),New,8,3/13/2026
Bën vapë,It's hot out,Phrase,New,10,3/4/2026
Fryn erë,The wind is blowing,Phrase,New,10,3/4/2026
"Me të parë, me të bërë",We'll cross that bridge when we get to it,Phrase,New,10,2/17/2026
A mund na tregosh rreth tij?,Can you tell us about it?,Phrase,New,10,2/17/2026
Kam ethe,I have a fever,Phrase,New,10,2/17/2026
Mezi pres,I can't wait (excited),Phrase,New,10,2/17/2026
javën e kaluar,last week,Phrase,New,9,3/3/2026
Çfarë zanati ke?,What is your profession?,Phrase,New,9,2/17/2026
Me se merresh?,What do you do?,Phrase,New,9,2/17/2026
Dua një çikë,I want a little bit,Phrase,New,9,2/17/2026
E qartë?,Clear?,Phrase,New,9,2/17/2026
Ku ke lindur?,Where were you born?,Phrase,New,8,3/6/2026
Seriozisht a ke?,Are you serious??,Phrase,New,8,3/4/2026
Çfarë të pëlqeu më tepër,What did you like the most,Phrase,New,8,3/4/2026
Vura re,I noticed,Phrase,New,8,3/4/2026
Vë re,I notice,Phrase,New,8,3/4/2026
kohët e fundit,recently,Phrase,New,8,3/3/2026
të dy(ja),both,Phrase,New,8,2/18/2026
Kam dhimbje,I have pain,Phrase,New,8,2/17/2026
Gëzuar ditëlindjen,Happy birthday,Phrase,New,8,2/17/2026
A mund të flasësh pak për familjen tënde pritëse?,Can you tell me a little bit about your host family?,Phrase,New,8,2/17/2026
Njerëzit janë të këndshëm,People are nice,Phrase,New,8,2/17/2026
Kismet,Fate / We will see,Phrase,New,8,2/17/2026
Deri sa,Until (Action),Phrase,New,7,3/4/2026
para dy vitesh,two years ago,Phrase,New,7,3/3/2026
në të kaluarën,in the past,Phrase,New,7,3/3/2026
shumë kohë më parë,long time ago,Phrase,New,7,3/3/2026
Një herë,Once,Phrase,New,7,2/19/2026
Të rroni vetë,May you live,Phrase,New,7,2/17/2026
mbaje vath në vesh,Don't forget this,Phrase,New,7,2/17/2026
Gëzuar Krishtlindjet,Merry Christmas,Phrase,New,7,2/17/2026
kohën e lirë,free time,Phrase,New,7,2/17/2026
vëllai është më i madh se ajo,her brother is older than her,Phrase,New,6,2/17/2026
Të rroni e ta kujtoni,May you live and remember them,Phrase,New,5,2/17/2026
Më dhemb...,It is hurting my...,Phrase,New,5,2/17/2026
Kam kollë,I have a cough,Phrase,New,5,2/17/2026
Mos bëj naze,Don't be spoiled,Phrase,New,5,2/17/2026
Gjithçka është në rregull,Everything is in order,Phrase,New,5,2/17/2026
Ngushëllime,Condolences,Phrase,New,5,2/17/2026
Jam me grip,I have the flu,Phrase,New,5,2/17/2026
Koka-Kolla po aq e shtrenjtë sa...,Coke as expensive as...,Phrase,New,5,2/17/2026
Punë të mbarë,I wish you a good day's work,Phrase,Needs Improvement,10,2/19/2026
u bëfsh një qind vjeç,May you live to be 100,Phrase,Needs Improvement,10,2/18/2026
A mund të flasësh pak për veten tënde?,Can you talk a little about yourself?,Phrase,Needs Improvement,10,2/17/2026
A mund të praktikoj atë që mësova sot?,Can I practice what I learned today?,Phrase,Needs Improvement,10,2/17/2026
Dua të praktikoj shqip,I want to practice Albanian,Phrase,Needs Improvement,10,2/17/2026
Si është puna?,What's up? (How is work?),Phrase,Needs Improvement,9,2/20/2026
Bëj të pamundurën,I'll do the impossible,Phrase,Needs Improvement,9,2/17/2026
Çfarë thua?,What are you saying?,Phrase,Needs Improvement,9,2/17/2026
Mendoj se po,I think so,Phrase,Needs Improvement,9,2/17/2026
A mund të bëj një pyetje?,Can I ask a question?,Phrase,Needs Improvement,9,2/17/2026
Mbaruam drekë?,Are you finished with lunch?,Phrase,Needs Improvement,9,2/17/2026
Më rrjedhin hundët,I have a runny nose,Phrase,Needs Improvement,9,2/17/2026
A mund të flasësh...?,Can you tell me...?,Phrase,Needs Improvement,9,2/17/2026
A ka...?,Is there...?,Phrase,Needs Improvement,9,2/17/2026
Keni pyetje?,Do you have any questions?,Phrase,Needs Improvement,9,2/17/2026
Nga je ti?,Where are you from?,Phrase,Needs Improvement,9,2/17/2026
Kam nevojë për ndihmë,I need help,Phrase,Needs Improvement,9,2/17/2026
Kam nevojë për ujë,I need water,Phrase,Needs Improvement,9,2/17/2026
Ujë me gaz,Water with gas,Phrase,Needs Improvement,9,2/17/2026
Çfarë pune bën?,What is your job?,Phrase,Needs Improvement,9,2/17/2026
A thashë saktë?,Did I say it correctly?,Phrase,Needs Improvement,9,2/17/2026
Lekë të reja apo të vjetra?,Old or new lekë?,Phrase,Needs Improvement,9,2/17/2026
Si ndihesh?,How do you feel?,Phrase,Needs Improvement,9,2/17/2026
Ku është kuzhina?,Where is the kitchen?,Phrase,Needs Improvement,9,2/17/2026
Si shkoi?,How did it go?,Phrase,Needs Improvement,9,2/17/2026
Dua një batanije,I want a blanket,Phrase,Needs Improvement,9,2/17/2026
Si u ngryse?,How are you (at sunset)?,Phrase,Needs Improvement,9,2/17/2026
Pse u vonove?,Why are you late?,Phrase,Needs Improvement,9,2/17/2026
Si quhet shkolla?,What is your school called?,Phrase,Needs Improvement,9,2/17/2026
Çfarë problemi ke?,What is wrong?,Phrase,Needs Improvement,9,2/17/2026
Po familja jote në Amerikë?,What about your family in America?,Phrase,Needs Improvement,8,2/17/2026
Ke të drejtë,You are right,Phrase,Needs Improvement,8,2/17/2026
Çfarë ka afër shkollës?,What is near the school?,Phrase,Needs Improvement,8,2/17/2026
Ndihmë,Help,Phrase,Needs Improvement,8,2/17/2026
Ndihem i lumtur,I feel happy,Phrase,Needs Improvement,8,2/17/2026
A mund të përshkruash qytetin tënd?,Can you describe your city?,Phrase,Needs Improvement,7,2/17/2026
Si është rutina jote?,What is your routine?,Phrase,Needs Improvement,7,2/17/2026
Gëzohem që u njohëm,Nice to meet you,Phrase,Needs Improvement,7,2/17/2026
Mirë se ju gjeta,Good to have found you,Phrase,Needs Improvement,7,2/17/2026
Bëj muhabet,To chat,Phrase,Needs Improvement,7,2/17/2026
A mund të me tregosh si mund të shkoj tek shkolla?,Can you tell me how to go to school?,Phrase,Needs Improvement,6,2/17/2026
Diçka,Something,Phrase,Needs Improvement,5,2/17/2026
Ujë pa gaz,Water without gas,Phrase,Needs Improvement,5,2/17/2026
Jam dakord,I agree,Phrase,Needs Improvement,5,2/17/2026
Gjithçka,Everything,Phrase,Needs Improvement,5,2/17/2026
Është tepër vonë,It's too late,Phrase,Needs Improvement,5,2/17/2026
Fol avash...,Speak slowly,Phrase,Needs Improvement,5,2/17/2026
Punë e mirë,Good job,Phrase,Needs Improvement,5,2/17/2026
Është pushim,It's a day off,Phrase,Needs Improvement,5,2/17/2026
Po patjetër,Yes of course,Phrase,Needs Improvement,5,2/17/2026
Ka një problem,There is a problem,Phrase,Needs Improvement,5,2/17/2026
Sot është nxehtë,It is hot today,Phrase,Needs Improvement,5,2/17/2026
Pas dy orësh,After two hours,Phrase,Needs Improvement,5,2/17/2026
Mbiemri im është,My last name is,Phrase,Needs Improvement,5,2/17/2026
Pas tri ditësh,After three days,Phrase,Needs Improvement,5,2/17/2026
Më vjen keq,Dang that sucks! / I'm sorry (when refusing or doing something that can hurt or dissapoint someone),Phrase,Mastered,10,2/17/2026
Bie shi,Rain falls,Phrase,Mastered,10,2/17/2026
Dua të fle gjumë,I want to sleep,Phrase,Mastered,10,2/17/2026
Nuk e di,I don't know,Phrase,Mastered,10,2/17/2026
Çfarë?,What?,Phrase,Mastered,10,2/17/2026
Kush?,Who?,Phrase,Mastered,10,2/17/2026
Kur?,When?,Phrase,Mastered,10,2/17/2026
Pse?,Why?,Phrase,Mastered,10,2/17/2026
Si?,How?,Phrase,Mastered,10,2/17/2026
Sa është ora?,What time is it?,Phrase,Mastered,10,2/17/2026
Dhe / E / Edhe,And,Phrase,Mastered,10,2/17/2026
Sepse,Because,Phrase,Mastered,10,2/17/2026
Sa kushton?,How much does it cost?,Phrase,Mastered,10,2/17/2026
Si thuhet...,How do you say...,Phrase,Mastered,10,2/17/2026
Nuk kuptoj,I don't understand,Phrase,Mastered,10,2/17/2026
Ku?,Where?,Phrase,Mastered,10,2/17/2026
Kam ftohtë,I am cold,Phrase,Mastered,10,2/17/2026
Kam nxehtë,I am hot,Phrase,Mastered,10,2/17/2026
Paç fat,Good luck,Phrase,Mastered,9,2/19/2026
të gjithë/a,all / everyone,Phrase,Mastered,9,2/18/2026
Sa?,How much?,Phrase,Mastered,9,2/17/2026
Cili / Cila,Which?,Phrase,Mastered,9,2/17/2026
Obobo,Darn!,Phrase,Mastered,9,2/17/2026
Si u gdhive?,How did you wake up?,Phrase,Mastered,9,2/17/2026
Është bukë?,Is it bread?,Phrase,Mastered,9,2/17/2026
A mund të ndihmoj?,Can I help?,Phrase,Mastered,9,2/17/2026
Si po ia kaloni?,How are you? (Formal),Phrase,Mastered,9,2/17/2026
No ga dia,No way! (Slang),Phrase,Mastered,9,2/17/2026
Më falni,Excuse me / I'm sorry,Phrase,Mastered,9,2/17/2026
Shihemi nesër,See you tomorrow,Phrase,Mastered,9,2/17/2026
Shumë mirë,Very good,Phrase,Mastered,9,2/17/2026
Rrofsh,Thanks / Long live,Phrase,Mastered,9,2/17/2026
Sa bukur,How beautiful,Phrase,Mastered,9,2/17/2026
Në fakt,"Actually, in fact",Phrase,Mastered,8,2/19/2026
Ju lumshin duart,May your hands be blessed,Phrase,Mastered,8,2/17/2026
"Mirë, jo keq","Good, not bad",Phrase,Mastered,8,2/17/2026
Shëndet paç,Response to shëndet,Phrase,Mastered,7,2/17/2026
Pasnesër,Day after tomorrow,Phrase,Mastered,7,2/17/2026
E një çerek,Quarter past,Phrase,Mastered,6,2/17/2026
Të mërkurën,On Wednesday,Phrase,Mastered,6,2/17/2026
Të dielën,On Sunday,Phrase,Mastered,6,2/17/2026
Të shtunën,On Saturday,Phrase,Mastered,6,2/17/2026
Përshëndetje,Hello,Phrase,Mastered,5,2/17/2026
Mirëmbrëma,Good evening,Phrase,Mastered,5,2/17/2026
Natën e mirë,Good night,Phrase,Mastered,5,2/17/2026
Mirupafshim,Goodbye,Phrase,Mastered,5,2/17/2026
Faleminderit,Thank you,Phrase,Mastered,5,2/17/2026
Jam nga...,I am from...,Phrase,Mastered,5,2/17/2026
Të bëftë mirë,Bon appétit,Phrase,Mastered,5,2/17/2026
Ose / Apo,Or,Phrase,Mastered,5,2/17/2026
Në rregull,Okay / Alright,Phrase,Mastered,5,2/17/2026
Një kafe të lutem,One coffee please,Phrase,Mastered,5,2/17/2026
Të hënën,On Monday,Phrase,Mastered,5,2/17/2026
Të premten,On Friday,Phrase,Mastered,5,2/17/2026
Për shembull,For example,Phrase,Mastered,5,2/17/2026
Mirëmëngjes,Good morning,Phrase,Mastered,5,2/17/2026
Mirëdita,Good day,Phrase,Mastered,5,2/17/2026
Kalofsh mirë,Have a good one,Phrase,Mastered,5,2/17/2026
Faleminderit...,Thank you for lunch,Phrase,Mastered,5,2/17/2026
Të lutem,Please,Phrase,Mastered,5,2/17/2026
S’ka problem,No problem,Phrase,Mastered,5,2/17/2026
S’ka gjë,No problem,Phrase,Mastered,5,2/17/2026
E gjysëm,Half past,Phrase,Mastered,5,2/17/2026
Në këmbë,By foot,Phrase,Mastered,5,2/17/2026
Pa një çerek,Quarter to,Phrase,Mastered,5,2/17/2026
Le,Let's,Phrase,Almost There,10,2/17/2026
Kam nevojë të praktikoj,I need to practice,Phrase,Almost There,10,2/17/2026
Dua të vij por jam i lodhur,I want to come but I am tired,Phrase,Almost There,10,2/17/2026
Unë flas pak shqip,I speak a little Albanian,Phrase,Almost There,10,2/17/2026
Yt / Jote,Your (Singular),Phrase,Almost There,10,2/17/2026
Juaj,Your (Plural),Phrase,Almost There,10,2/17/2026
Dreka është shumë e mirë,Lunch is very good,Phrase,Almost There,10,2/17/2026
Po kënaqem,I am having fun,Phrase,Almost There,10,2/17/2026
Ti je shumë i mirë,You are very good,Phrase,Almost There,10,2/17/2026
Kjo është dhoma ime,This is my room,Phrase,Almost There,10,2/17/2026
Me ty,With you,Phrase,Almost There,9,2/17/2026
Të shkuara,Get better! (to the sick),Phrase,Almost There,9,2/17/2026
Unë dhe ti,Me and you,Phrase,Almost There,9,2/17/2026
Nëse ose nëqoftëse,If,Phrase,Almost There,9,2/17/2026
U krye,It got done,Phrase,Almost There,9,2/17/2026
A ka bukë?,Is there bread?,Phrase,Almost There,9,2/17/2026
Kur fillon mësimi?,When does the lesson start?,Phrase,Almost There,9,2/17/2026
Por,But,Phrase,Almost There,9,2/17/2026
Kafe me qumësht,Coffee with milk,Phrase,Almost There,9,2/17/2026
Pse jo?,Why not?,Phrase,Almost There,9,2/17/2026
Çfarë është kjo?,What is this?,Phrase,Almost There,9,2/17/2026
A jeni gati?,Are you ready?,Phrase,Almost There,9,2/17/2026
Ku është libri yt?,Where is your book?,Phrase,Almost There,9,2/17/2026
Tungjetjeta,Long live!,Phrase,Almost There,9,2/17/2026
Dua prapë,I want some more,Phrase,Almost There,9,2/17/2026
Nuk e di ku është,I don't know where it is,Phrase,Almost There,9,2/17/2026
A mund ta përsërisësh?,Can you repeat?,Phrase,Almost There,9,2/17/2026
A ke ujë?,Do you have water?,Phrase,Almost There,9,2/17/2026
Kush është ai?,Who is he?,Phrase,Almost There,9,2/17/2026
Dua pak ujë,I want some water,Phrase,Almost There,9,2/17/2026
Çfarë lloj byreku keni?,What kind of byrek do you have?,Phrase,Almost There,9,2/17/2026
Kur është dreka?,When is lunch?,Phrase,Almost There,9,2/17/2026
Çfarë më rekomandon?,What do you recommend?,Phrase,Almost There,9,2/17/2026
Pse? Sepse jam i lumtur,Why? Because I am happy,Phrase,Almost There,9,2/17/2026
Mund të regjistroj bisedën?,Can I record you?,Phrase,Almost There,9,2/17/2026
Shihemi më vonë,See you later,Phrase,Almost There,9,2/17/2026
Vetëm pak të lutem,Just a little please,Phrase,Almost There,9,2/17/2026
Unë ha diçka,I eat something,Phrase,Almost There,9,2/17/2026
Edhe një gjë të fundit,One last thing,Phrase,Almost There,8,2/20/2026
Pak a shumë,More or less,Phrase,Almost There,8,2/19/2026
Zyra ndodhet në rrugën kryesore,The office is on the main street,Phrase,Almost There,8,2/17/2026
Dje isha në shtëpi,Yesterday I was home,Phrase,Almost There,8,2/17/2026
pas një muaji,After one month,Phrase,Almost There,8,2/17/2026
pas një viti,After one year,Phrase,Almost There,8,2/17/2026
Ndihem mirë,I feel good,Phrase,Almost There,8,2/17/2026
Ky / Kjo,This (M/F),Phrase,Almost There,8,2/17/2026
Më pëlqen kjo këngë,I like this song,Phrase,Almost There,8,2/17/2026
Me furgon,By minibus / Van,Phrase,Almost There,8,2/17/2026
Unë nuk pi kurrë raki,I never drink raki,Phrase,Almost There,8,2/17/2026
Sot kam shkollë,Today I have school,Phrase,Almost There,8,2/17/2026
Çka,So-so,Phrase,Almost There,7,2/17/2026
Të martën,On Tuesday,Phrase,Almost There,7,2/17/2026
Të enjten,On Thursday,Phrase,Almost There,7,2/17/2026
Pas një jave,After 1 week,Phrase,Almost There,5,2/17/2026
Si është koha?,What is the weather?,Phrase,Almost There,5,2/17/2026
Gëzuar,Cheers,Phrase,Almost There,5,2/17/2026
Emri im është,My name is,Phrase,Almost There,5,2/17/2026
çanta ime është jeshile e hapur,my bag is light green,Phrase,New,5,3/13/2026
çanta ime është jeshile e errët,my bag is dark green,Phrase,New,5,3/13/2026
ndodhet në cep të rrugës,located on the corner of the street,Phrase,New,9,3/13/2026
ndodhet anës shkollës,located on the side of the school,Phrase,New,9,3/13/2026
Çfarë ushqimi do të ketë atje?,What food will there be there?,Phrase,New,9,3/13/2026
A do të ngopem pastaj?,Will I be full afterwards?,Phrase,New,9,3/13/2026
A duhet të vishem mirë për festën?,Should I dress well for the party?,Phrase,New,7,3/13/2026
Kush po shkon?,Who is going?,Phrase,New,8,3/13/2026
Ku po shkojmë?,Where are we going?,Phrase,New,9,3/13/2026
Për kë?,For whom?,Phrase,New,8,3/13/2026
A dua të them...,I want to say... / Would I want to say...,Phrase,New,10,3/13/2026
Nuk e kam provuar kurrë,I have never tried it,Phrase,New,8,3/13/2026
Shikoj perëndimin,Watch the sunset,Phrase,New,7,3/13/2026
Prej,Since,Preposition,New,8,3/4/2026
gjatë,during,Preposition,New,8,2/18/2026
Përmes,Through (Physical),Preposition,New,7,3/4/2026
kundër,against,Preposition,New,7,2/18/2026
nëpër,through / across / throughout,Preposition,New,7,2/18/2026
në,in / at / on,Preposition,Needs Improvement,10,2/18/2026
poshtë / nën,under,Preposition,Needs Improvement,9,2/18/2026
mbrapa / mbas / pas,behind,Preposition,Needs Improvement,9,2/18/2026
pranë / afër,near / next to,Preposition,Needs Improvement,9,2/18/2026
se,than,Preposition,Needs Improvement,9,2/17/2026
kurse,whereas,Preposition,Needs Improvement,6,2/17/2026
midis,in between,Preposition,Mastered,9,2/18/2026
Pa,Without,Preposition,Mastered,8,2/17/2026
Për,For / About,Preposition,Mastered,5,2/17/2026
për,about / for,Preposition,Almost There,10,2/18/2026
mbi / sipër,on top / above,Preposition,Almost There,9,2/18/2026
përbollë,across / in front,Preposition,Almost There,9,2/18/2026
përpara,in front,Preposition,Almost There,9,2/18/2026
Me,With,Preposition,Almost There,9,2/17/2026
anës,side / along,Preposition,Almost There,7,2/18/2026
Bëj pazar,To go shopping,Verb,Needs Improvement,10,2/17/2026
Nxjerr,To take out,Verb,Needs Improvement,10,2/17/2026
provoj,to try (to test out food),Verb,Almost There,10,2/17/2026
Vë ,To put (present tense),Verb,Needs Improvement,10,2/17/2026
Ndaj,To share,Verb,New,9,3/6/2026
Njohto,To know someone,Verb,Needs Improvement,9,3/4/2026
Vura,To put / placed (simple past tense),Verb,New,9,3/4/2026
ushqej,to feed,Verb,New,9,3/3/2026
pastroj,to clean,Verb,New,9,3/3/2026
Visetoj,To visit,Verb,Mastered,8,3/6/2026
shtrihem,to lay,Verb,Needs Improvement,8,3/3/2026
ndjej,to feel,Verb,Needs Improvement,8,3/3/2026
përgjigjem,to answer,Verb,Almost There,8,3/3/2026
erdha,i came,Verb,New,8,3/3/2026
ndenje,you stayed,Verb,Needs Improvement,8,3/3/2026
Përziejmë bashkë,Mix together,Verb,New,8,2/17/2026
tregoj,to tell,Verb,Almost There,8,2/17/2026
paguaj,to pay,Verb,New,7,3/7/2026
Ngjit,To climb,Verb,New,7,3/6/2026
Zemëroj,To anger,Verb,New,7,3/4/2026
fitoj,to win / to earn,Verb,Needs Improvement,7,3/3/2026
lëndoj,to hurt,Verb,New,7,3/3/2026
humb,to lose,Verb,New,7,3/3/2026
Uroj,To congratulate,Verb,New,7,2/19/2026
Vonohem,To be late / delayed,Verb,New,7,2/17/2026
Pjek,To bake,Verb,New,7,2/17/2026
Lë,To leave / To let,Verb,New,7,2/17/2026
Këshilloj,To advise,Verb,New,7,2/17/2026
dukhem,To appear,Verb,New,7,2/17/2026
Hyr në internet,Search the internet,Verb,New,7,2/17/2026
Bashkohem,I join,Verb,New,5,2/17/2026
Ngjitem lart,Go upstairs,Verb,New,4,2/17/2026
Qëndroj,To stay / To stand,Verb,Needs Improvement,10,2/17/2026
Rri,To stay / sit,Verb,Needs Improvement,10,2/17/2026
Marr,To take / grab,Verb,Needs Improvement,10,2/17/2026
Dal,To go out,Verb,Needs Improvement,10,2/17/2026
Them,To say,Verb,Needs Improvement,10,2/17/2026
Bëj foto,To take a photo,Verb,Needs Improvement,10,2/17/2026
Jap,To give,Verb,Needs Improvement,9,2/19/2026
Dëshiroj,To desire / wish,Verb,Needs Improvement,9,2/17/2026
Bëj xhiro,Go for a stroll,Verb,Needs Improvement,9,2/17/2026
Bëj shaka,Just kidding,Verb,Needs Improvement,9,2/17/2026
Ftoj,To invite,Verb,Needs Improvement,8,2/20/2026
Kërkoj,To require / To ask,Verb,Needs Improvement,8,2/20/2026
varet,it depends,Verb,Needs Improvement,8,2/18/2026
Pyes,To ask,Verb,Needs Improvement,8,2/17/2026
ndihem,To feel,Verb,Needs Improvement,8,2/17/2026
Mungoj,To be absent,Verb,Needs Improvement,7,2/17/2026
Relaksohem,To relax,Verb,Needs Improvement,7,2/17/2026
Flas,To speak,Verb,Needs Improvement,7,2/17/2026
Shoh,To see,Verb,Needs Improvement,7,2/17/2026
Harroj,To forget,Verb,Needs Improvement,7,2/17/2026
Blej,To buy,Verb,Needs Improvement,7,2/17/2026
Përdor,To use,Verb,Needs Improvement,7,2/17/2026
Dëgjoj,To listen / To hear,Verb,Needs Improvement,7,2/17/2026
Besoj,To believe,Verb,Needs Improvement,7,2/17/2026
Lahem,To wash oneself,Verb,Needs Improvement,7,2/17/2026
Vishem,To get dressed,Verb,Needs Improvement,7,2/17/2026
Rruhem,To shave,Verb,Needs Improvement,7,2/17/2026
Mbyll,To close,Verb,Needs Improvement,7,2/17/2026
Premtoj,To promise,Verb,Needs Improvement,7,2/17/2026
Kujtoj,To remember,Verb,Needs Improvement,7,2/17/2026
Diplomohem,To graduate,Verb,Needs Improvement,7,2/17/2026
Zhdukem,To disappear,Verb,Needs Improvement,7,2/17/2026
Praktikoj,To practice,Verb,Needs Improvement,7,2/17/2026
Përkthej,To translate,Verb,Needs Improvement,7,2/17/2026
Kuptova,I understood,Verb,Needs Improvement,5,2/17/2026
Laj,To wash,Verb,Needs Improvement,5,2/17/2026
Mund,"Can, may, or might",Verb,Mastered,10,2/23/2026
Bëj,To do / To make,Verb,Mastered,10,2/17/2026
Dua,To want,Verb,Mastered,10,2/17/2026
Bëj dush,To take a shower,Verb,Mastered,10,2/17/2026
Kuptoj,To understand,Verb,Mastered,10,2/17/2026
Shkoj,To go,Verb,Mastered,10,2/17/2026
jetoj,to live,Verb,Mastered,9,2/18/2026
Mbaroj,To finish,Verb,Mastered,8,2/17/2026
Banoj,To live / To inhabit,Verb,Mastered,7,2/17/2026
Ulem,To sit,Verb,Mastered,7,2/17/2026
Fshij,To erase,Verb,Mastered,7,2/17/2026
Këndoj,To sing,Verb,Mastered,7,2/17/2026
Takoj,To meet,Verb,Mastered,7,2/17/2026
Fle,To sleep,Verb,Mastered,7,2/17/2026
Jam,To be,Verb,Mastered,7,2/17/2026
Kam,To have,Verb,Mastered,7,2/17/2026
Pi,To drink,Verb,Mastered,7,2/17/2026
Ha,To eat,Verb,Mastered,7,2/17/2026
Eci,To walk,Verb,Mastered,7,2/17/2026
Vrapoj,To run,Verb,Mastered,7,2/17/2026
Pres,To wait,Verb,Almost There,10,2/17/2026
Di,To know,Verb,Almost There,10,2/17/2026
Mendoj,To think,Verb,Almost There,10,2/17/2026
Bëhem,To become,Verb,Almost There,10,2/17/2026
Mësoj,To learn / To teach,Verb,Almost There,10,2/17/2026
Bisedoj,"To talk, chat, or converse",Verb,Almost There,8,2/23/2026
udhëtoj,to travel,Verb,Almost There,8,2/17/2026
Ndihmoj,To help,Verb,Almost There,8,2/17/2026
përpiqem,to try (to make an effort),Verb,Almost There,8,2/17/2026
Punoj,To work,Verb,Almost There,8,2/17/2026
Filloj,To start,Verb,Almost There,8,2/17/2026
Realizoj,To realize,Verb,Almost There,7,2/19/2026
Pushoj,To rest / To stop,Verb,Almost There,7,2/17/2026
Vazhdoj,To continue,Verb,Almost There,7,2/17/2026
Zgjohem,To wake up,Verb,Almost There,7,2/17/2026
Shkruaj,To write,Verb,Almost There,7,2/17/2026
Bëhem gati,To get ready,Verb,Almost There,7,2/17/2026
Kthehem,To return,Verb,Almost There,7,2/17/2026
Lexoj,To read,Verb,Almost There,7,2/17/2026
Hap,To open,Verb,Almost There,7,2/17/2026
Gërmëzoj,To spell,Verb,Almost There,7,2/17/2026
Ngrihem,To stand up,Verb,Almost There,7,2/17/2026
Shiko TV,Look at the TV,Verb,Almost There,5,2/17/2026
Zbres poshtë,Go downstairs,Verb,Almost There,4,2/17/2026
Zgjat,To last,Verb,New,6,3/13/2026
Ndërtoj,To build,Verb,New,7,3/13/2026
Humb,To lose / Lost,Verb,New,6,3/13/2026
Sjell,To bring,Verb,New,9,3/13/2026
gabohem,to be wrong,Verb,New,7,3/13/2026
së shpejti,soon,Adverb,New,7,3/16/2026
i/e uritur,hungry,Adjective,New,9,3/16/2026
vendos,to decide / to place,Verb,New,8,3/16/2026
prioritet,priority,Noun (M),New,8,3/16/2026
prandaj,therefore,Adverb,New,6,3/16/2026
fillimisht,initially,Adverb,New,6,3/16/2026
ju uroj mirëseardhjen,I welcome you,Phrase,New,8,3/16/2026
kam vënë re,I have noticed,Phrase,New,8,3/16/2026
periudhë,period,Noun (F),New,5,3/16/2026
mbjell,plant,Verb,New,7,3/16/2026
ide,idea,Noun (F),New,8,3/16/2026
plehrat,trash / garbage,Noun (F),New,7,3/16/2026
aplikoj,apply,Verb,New,8,3/16/2026
kosha,bins,Noun (M),New,7,3/16/2026
shënoj,to mark,Verb,New,6,3/16/2026
njëri-tjetri,each other,Phrase,New,8,3/16/2026
dëshirë,desire,Noun (F),New,7,3/16/2026
gjej,to find,Verb,New,9,3/16/2026
zbuloj,to discover,Verb,New,8,3/16/2026